FID,address,gcj02经度,gcj02纬度,wgs84经度,wgs84纬度,格式化地址,省份,城市,区县,街道,门牌号,区域编码,匹配级别,处理状态
1,西北大学长安校区,108.874582,34.144994,108.87000304674439,34.14664232529098,陕西省西安市长安区西北大学长安校区,陕西省,西安市,长安区,[],[],610116,兴趣点,success
2,北京市东城区天坛东路50号,116.42313,39.874514,116.41690405154338,39.873120989500016,北京市东城区天坛东路50号,北京市,北京市,东城区,天坛东路,50号,110101,门址,success
3,上海市黄浦区中山东二路600号,121.497809,31.226435,121.49337017926352,31.228449108493987,上海市黄浦区中山东二路600号,上海市,上海市,黄浦区,中山东二路,600号,310101,门址,success
4,日照市东港区泰康街47号,119.464112,35.438092,119.4584336031491,35.4381831630385,山东省日照市东港区泰康街21巷,山东省,日照市,东港区,泰康街,[],371102,门牌号,success
5,南京古鸡鸣寺,118.795246,32.061061,118.79005956845994,32.063134390350136,江苏省南京市玄武区古鸡鸣寺,江苏省,南京市,玄武区,[],[],320102,兴趣点,success
