ID,Name,bd09ll经度,bd09ll纬度,wgs84经度,wgs84纬度,地理编码置信度,地址理解程度,地址级别,精确程度,处理状态
1,西安交通大学,108.66396203215787,34.25977105714024,108.65281827474814,34.25565932251905,70,100,教育,1,success
2,西北工业大学,108.77170928655218,34.03919125155517,108.76044165177433,34.0349420234289,70,100,教育,1,success
3,西北大学,108.88110385359069,34.15091549849437,108.8700053051693,34.146643324015194,70,100,教育,1,success
